<?xml version="1.0" encoding="UTF-8"?>

<pages>
<link>
<title>Brother in arms patriotic song</title>
<url>https://hdl.handle.net/10462/comp/1205</url>
</link>
<link>
<title>Soldiers of the willow</title>
<url>https://hdl.handle.net/10462/comp/1214</url>
</link>
<link>
<title>The Day of victory song</title>
<url>https://hdl.handle.net/10462/comp/1212</url>
</link>
<link>
<title>Boys of Australia</title>
<url>https://hdl.handle.net/10462/comp/1187</url>
</link>
<link>
<title>Hear our soldiers's cry</title>
<url>https://hdl.handle.net/10462/comp/1219</url>
</link>
<link>
<title>Joy bells are ring</title>
<url>https://hdl.handle.net/10462/comp/1221</url>
</link>
<link>
<title>The Kennedy regiment waltz</title>
<url>https://hdl.handle.net/10462/comp/1237</url>
</link>
<link>
<title>Our boys at the front military song</title>
<url>https://hdl.handle.net/10462/comp/1243</url>
</link>
<link>
<title>The song of the 42nd Battalion,A.I.F.</title>
<url>https://hdl.handle.net/10462/comp/1229</url>
</link>
<link>
<title>Black watch junr</title>
<url>https://hdl.handle.net/10462/comp/1230</url>
</link>
<link>
<title>When I march home</title>
<url>https://hdl.handle.net/10462/comp/1231</url>
</link>
<link>
<title>The liberty song os Austrlia</title>
<url>https://hdl.handle.net/10462/comp/1232</url>
</link>
</pages>
